{
  "kyrgyzstan_15013": 0.4390535028619762,
  "kyrgyzstan_15016": 0.6621383753815994,
  "kyrgyzstan_15020": 0.38977739566673314,
  "kyrgyzstan_15022": 0.4513651585447559,
  "kyrgyzstan_15025": 0.4496984058178319,
  "kyrgyzstan_15030": 0.4878242509529396,
  "kyrgyzstan_15034": 0.50446880371539,
  "kyrgyzstan_15039": 0.2720385647538134,
  "kyrgyzstan_15040": 0.5148061325993759,
  "kyrgyzstan_15044": 0.36709006355531343,
  "kyrgyzstan_15045": 0.5258439879162259,
  "kyrgyzstan_15049": 0.1436458597100036,
  "kyrgyzstan_15051": 0.3539653323428592,
  "kyrgyzstan_15054": 0.37941868038429366,
  "kyrgyzstan_15069": 0.15565275524920183,
  "kyrgyzstan_15070": 0.30711572867498743,
  "kyrgyzstan_15081": 0.38041821151403693,
  "kyrgyzstan_15083": 0.37092102703949226,
  "kyrgyzstan_15090": 0.27399823583937016,
  "kyrgyzstan_15102": 1.0820499659660334,
  "kyrgyzstan_15149": 0.9803569382467062,
  "kyrgyzstan_15171": 0.3884985197017531,
  "kyrgyzstan_15189": 0.6428010152388738,
  "kyrgyzstan_15194": 0.46096869354360576,
  "kyrgyzstan_15212": 0.5070779470345854,
  "kyrgyzstan_15214": 0.4733434982942529,
  "kyrgyzstan_15215": 0.6222350525755315,
  "kyrgyzstan_15216": 0.3591181108654356,
  "kyrgyzstan_15256": 0.41705436351911995,
  "kyrgyzstan_15259": 0.3201749721161023,
  "kyrgyzstan_15278": 0.7677457322017772,
  "kyrgyzstan_15283": 0.42586886945355995,
  "kyrgyzstan_15285": 0.5190307721720995,
  "kyrgyzstan_15287": 0.39467054192121187,
  "kyrgyzstan_15312": 0.627930095914679,
  "kyrgyzstan_16055": 0.6218880644215112,
  "kyrgyzstan_16059": 1.7288776038038507,
  "kyrgyzstan_16068": 0.590657068545091,
  "kyrgyzstan_16070": 0.6065621220832002,
  "kyrgyzstan_16096": 0.8639708436721332,
  "kyrgyzstan_16100": 0.9302530152936617,
  "kyrgyzstan_16101": 0.3064966223215969,
  "kyrgyzstan_16105": 0.2598567360476426,
  "kyrgyzstan_16121": 1.1094921653263459,
  "kyrgyzstan_16127": 0.8711853218362172,
  "kyrgyzstan_16134": 0.35905365006068973,
  "kyrgyzstan_16135": 0.3998725420271122,
  "kyrgyzstan_16136": 0.37564642412142674,
  "kyrgyzstan_16139": 0.8833752698812524,
  "kyrgyzstan_16143": 0.45108415330989393,
  "kyrgyzstan_16146": 1.0334112989421769,
  "kyrgyzstan_16151": 0.4659613329016654,
  "kyrgyzstan_16153": 0.46123267873158047,
  "kyrgyzstan_16158": 0.4167646633796227,
  "kyrgyzstan_16159": 0.22629506617350956,
  "kyrgyzstan_16160": 0.4261355883140308,
  "kyrgyzstan_16161": 0.36884034917352193,
  "kyrgyzstan_16169": 0.5020498908548451,
  "kyrgyzstan_16176": 0.3994799924881347,
  "kyrgyzstan_16487": 1.0052822420264218,
  "kyrgyzstan_16510": 0.7784533537269754,
  "kyrgyzstan_17462": 0.2846378769561481,
  "tajik_16205": 0.7017951653252497,
  "tajik_17050": 0.48062417723044554,
  "tajik_17077": 0.7372537234093839,
  "tajik_17082": 0.5548510729291559,
  "tajik_17084": 0.49172525980889004,
  "tajik_17100": 0.824732841064681,
  "tajik_17110": 0.5861517013533207,
  "tajik_17137": 0.7236092175652741,
  "tajik_17147": 1.1508026798852578,
  "tajik_17150": 0.6537654242827086,
  "tajik_17202": 0.8939913116327404,
  "tajik_17288": 0.5140086526950683,
  "tajik_17325": 0.6091329442786378,
  "tajik_17329": 0.7960722086522194,
  "tajik_17338": 0.35870604496794845,
  "tajik_17344": 0.36243896953915106,
  "tajik_17453": 1.1574228182104307
}